Workbook

Sheet RootDataset
A1: Name | B1: Value
A2: @id | B2: ./
A3: @type | B3: Dataset
A4: name | B4: Template RO-Crate Schema
A5: description | B5: This is a template for an RO-Crate schema.
A6: author | B6: ="""" & Organization!A2 & """" -> "https://ror.org/00rqy9422"
A7: license | B7: ="""" & CreativeWork!A3 & """" -> "https://www.apache.org/licenses/LICENSE-2.0.html"
A8: conformsTo | B8: ="""" & CreativeWork!A2 & """" -> "https://w3id.org/ro/ro-crate-masp/profile"
A9: hasResource | B9: ="""" & ResourceDescriptor!A2 & """" -> "#hasSpecializedSchema"

Sheet @context
A1: name | B1: @id
A2: template | B2: https://w3id.org/template/terms#

Sheet Organization
A1: @id | B1: @type | C1: name
A2: https://ror.org/00rqy9422 | B2: Organization | C2: University of Queensland

Sheet CreativeWork
A1: @id | B1: @type | C1: name
A2: https://w3id.org/ro/ro-crate-masp/profile | B2: [CreativeWork, Profile] | C2: RO-Crate MASP Profile
A3: https://www.apache.org/licenses/LICENSE-2.0.html | B3: CreativeWork | C3: Apache License, Version 2.0

Sheet ResourceDescriptor
A1: @id | B1: @type | C1: name | D1: hasRole
A2: #hasSpecializedSchema | B2: ResourceDescriptor | C2: Specialized Schema Terms | D2: "http://www.w3.org/ns/dx/prof/role/schema"

Sheet Classes
A1: @id | B1: .id | C1: @type | D1: name | E1: description | F1: rdfs:label | G1: rdfs:comment | H1: isReverse_hasPart
A2: ='@context'!$A$2 & ":" & B2 -> template:ClassExample | B2: ClassExample | C2: rdfs:Class | D2: Class Example | E2: This is an example of a standard class and its format. | F2: =A2 -> template:ClassExample | G2: =E2 -> This is an example of a standard class and its format. | H2: =ResourceDescriptor!$A$2 -> #hasSpecializedSchema
A3: ='@context'!$A$2 & ":" & B3 -> template:ItemListClassExample | B3: ItemListClassExample | C3: rdfs:Class | D3: Item List Class Example | E3: This is an example of a class to be used as an @type with a list of item instances. | F3: =A3 -> template:ItemListClassExample | G3: =E3 -> This is an example of a class to be used as an @type with a list of item instances. | H3: =ResourceDescriptor!$A$2 -> #hasSpecializedSchema

Sheet Properties
A1: @id | B1: .id | C1: @type | D1: name | E1: description | F1: domainIncludes | G1: rangeIncludes | H1: rdfs:label | I1: rdfs:comment | J1: isReverse_hasPart
A2: ='@context'!$A$2 & ":" & B2 -> template:propertyExample | B2: propertyExample | C2: rdf:Property | D2: Property Example | E2: This is an example of a standard property and its format. | F2: "template:ClassExample" | G2: "http://schema.org/Text" | H2: =D2 -> Property Example | I2: =E2 -> This is an example of a standard property and its format. | J2: =ResourceDescriptor!$A$2 -> #hasSpecializedSchema
A3: ='@context'!$A$2 & ":" & B3 -> template:definedTermSetPropertyExample | B3: definedTermSetPropertyExample | C3: rdf:Property | D3: Defined Term Set Property Example | E3: This is an example of a property whose values are expected to be terms from a defined term set. | F3: "template:ClassExample" | G3: "template:DefinedTermSetExample" | H3: =D3 -> Defined Term Set Property Example | I3: =E3 -> This is an example of a property whose values are expected to be terms from a defined term set. | J3: =ResourceDescriptor!$A$2 -> #hasSpecializedSchema
A4: ='@context'!$A$2 & ":" & B4 -> template:itemListPropertyExample | B4: itemListPropertyExample | C4: rdf:Property | D4: Item List Property Example | E4: This is an example of a property whose values are expected to be terms from an item list. | F4: "template:ClassExample" | G4: "#itemListExample" | H4: =D4 -> Item List Property Example | I4: =E4 -> This is an example of a property whose values are expected to be terms from an item list. | J4: =ResourceDescriptor!$A$2 -> #hasSpecializedSchema

Sheet DefinedTermSets
A1: @id | B1: .id | C1: @type | D1: name | E1: description | F1: rdfs:label | G1: isReverse_hasPart
A2: ='@context'!$A$2 & ":" & B2 -> template:DefinedTermSetExample | B2: DefinedTermSetExample | C2: DefinedTermSet | D2: Defined Term Set Example | E2: This is an example of a defined term set and its format. | F2: =A2 -> template:DefinedTermSetExample | G2: =ResourceDescriptor!$A$2 -> #hasSpecializedSchema

Sheet DefinedTerms
A1: @id | B1: .id | C1: @type | D1: name | E1: description | F1: rdfs:label | G1: inDefinedTermSet | H1: isReverse_hasPart
A2: ='@context'!$A$2 & ":" & B2 -> template:DefinedTermExample | B2: DefinedTermExample | C2: DefinedTerm | D2: Defined Term Example | E2: This is an example of a defined term and its format. | F2: =A2 -> template:DefinedTermExample | G2: "template:DefinedTermSetExample" | H2: =ResourceDescriptor!$A$2 -> #hasSpecializedSchema

Sheet ItemLists
A1: @id | B1: .id | C1: @type | D1: name | E1: description
A2: ="#" & B2 -> #itemListExample | B2: itemListExample | C2: ItemList | D2: Item List Example | E2: This is an example of an item list and its format.

Sheet ItemListElements
A1: @id | B1: .id | C1: @type | D1: name | E1: description | F1: rdfs:label | G1: isReverse_itemListElement | H1: isReverse_hasPart
A2: ='@context'!$A$2 & ":" & B2 -> template:ItemListElementExample | B2: ItemListElementExample | C2: template:ItemListClassExample | D2: Item List Element Example | E2: This is an example of an item list element and its format. | F2: =A2 -> template:ItemListElementExample | G2: #itemListExample | H2: =ResourceDescriptor!$A$2 -> #hasSpecializedSchema
